{
  "EULER_baseline": {
    "model": "EULER",
    "config": "baseline",
    "total_edges": 256476,
    "cutoff": 0.5236964225769043,
    "TP": 106,
    "FP": 58970,
    "TN": 197337,
    "FN": 63,
    "TPR": 0.6272189349112426,
    "FPR": 0.2300756514648449,
    "Precision": 0.0017942988692531655,
    "Accuracy": 0.769830315507104,
    "AUC": 0.758671005275363,
    "AP": 0.00787498223025416,
    "attacks_detected": 106,
    "tp_by_type": {
      "DoS GoldenEye": 47,
      "Web Attack \u00c2\u0096 Brute Force": 47,
      "DoS slowloris": 47,
      "FTP-Patator": 47,
      "DoS Slowhttptest": 47,
      "DoS Hulk": 47,
      "Web Attack \u00c2\u0096 Sql Injection": 47,
      "Web Attack \u00c2\u0096 XSS": 47,
      "DDoS": 48,
      "PortScan": 47,
      "SSH-Patator": 47,
      "Heartbleed": 2,
      "Bot": 56,
      "Infiltration": 14
    },
    "fn_by_type": {
      "Heartbleed": 1,
      "Bot": 62,
      "Infiltration": 10
    }
  },
  "EULER_kde_decode": {
    "model": "EULER",
    "config": "kde_decode",
    "total_edges": 256476,
    "cutoff": 0.5238571763038635,
    "TP": 110,
    "FP": 52660,
    "TN": 203647,
    "FN": 59,
    "TPR": 0.650887573964497,
    "FPR": 0.2054567374281623,
    "Precision": 0.0020845177184006065,
    "Accuracy": 0.7944486033780939,
    "AUC": 0.8061734768283496,
    "AP": 0.009302870098712147,
    "attacks_detected": 110,
    "tp_by_type": {
      "DoS GoldenEye": 47,
      "Web Attack \u00c2\u0096 Brute Force": 47,
      "DoS slowloris": 47,
      "FTP-Patator": 47,
      "DoS Slowhttptest": 47,
      "DoS Hulk": 47,
      "Web Attack \u00c2\u0096 Sql Injection": 47,
      "Web Attack \u00c2\u0096 XSS": 47,
      "DDoS": 48,
      "PortScan": 47,
      "SSH-Patator": 47,
      "Heartbleed": 2,
      "Bot": 60,
      "Infiltration": 15
    },
    "fn_by_type": {
      "Heartbleed": 1,
      "Bot": 58,
      "Infiltration": 9
    }
  },
  "EULER_reduced": {
    "model": "EULER",
    "config": "reduced",
    "total_edges": 256476,
    "cutoff": 0.8989270925521851,
    "TP": 15,
    "FP": 72339,
    "TN": 183968,
    "FN": 154,
    "TPR": 0.08875739644970414,
    "FPR": 0.28223575633907777,
    "Precision": 0.00020731403930674186,
    "Accuracy": 0.7173497715185826,
    "AUC": 0.24354779977589286,
    "AP": 0.00039763263372555286,
    "attacks_detected": 15,
    "tp_by_type": {
      "DoS GoldenEye": 7,
      "Web Attack \u00c2\u0096 Brute Force": 7,
      "DoS slowloris": 7,
      "FTP-Patator": 7,
      "DoS Slowhttptest": 7,
      "DoS Hulk": 7,
      "Web Attack \u00c2\u0096 Sql Injection": 7,
      "Web Attack \u00c2\u0096 XSS": 7,
      "DDoS": 7,
      "PortScan": 7,
      "SSH-Patator": 7,
      "Heartbleed": 2,
      "Bot": 6,
      "Infiltration": 1
    },
    "fn_by_type": {
      "DoS GoldenEye": 40,
      "Web Attack \u00c2\u0096 Brute Force": 40,
      "DoS slowloris": 40,
      "FTP-Patator": 40,
      "DoS Slowhttptest": 40,
      "DoS Hulk": 40,
      "Web Attack \u00c2\u0096 Sql Injection": 40,
      "Web Attack \u00c2\u0096 XSS": 40,
      "DDoS": 41,
      "PortScan": 40,
      "SSH-Patator": 40,
      "Heartbleed": 1,
      "Bot": 112,
      "Infiltration": 23
    }
  },
  "ARGUS_baseline": {
    "model": "ARGUS",
    "config": "baseline",
    "total_edges": 256680,
    "cutoff": 0.9999755620956421,
    "TP": 68,
    "FP": 69203,
    "TN": 187302,
    "FN": 107,
    "TPR": 0.38857142857142857,
    "FPR": 0.2697920118516208,
    "Precision": 0.0009816517734694173,
    "Accuracy": 0.7299750662303257,
    "AUC": 0.5853199074370592,
    "AP": 0.0008735521996924987,
    "attacks_detected": 68,
    "tp_by_type": {
      "DoS GoldenEye": 35,
      "Web Attack \u00c2\u0096 Brute Force": 35,
      "DoS slowloris": 35,
      "FTP-Patator": 35,
      "DoS Slowhttptest": 35,
      "DoS Hulk": 35,
      "Web Attack \u00c2\u0096 Sql Injection": 35,
      "Web Attack \u00c2\u0096 XSS": 35,
      "DDoS": 35,
      "PortScan": 35,
      "SSH-Patator": 35,
      "UNKNOWN": 3,
      "Heartbleed": 2,
      "Bot": 28,
      "Infiltration": 5
    },
    "fn_by_type": {
      "DoS GoldenEye": 12,
      "Web Attack \u00c2\u0096 Brute Force": 12,
      "DoS slowloris": 12,
      "FTP-Patator": 12,
      "DoS Slowhttptest": 12,
      "DoS Hulk": 12,
      "Web Attack \u00c2\u0096 Sql Injection": 12,
      "Web Attack \u00c2\u0096 XSS": 12,
      "DDoS": 13,
      "PortScan": 12,
      "SSH-Patator": 12,
      "UNKNOWN": 3,
      "Heartbleed": 1,
      "Bot": 90,
      "Infiltration": 19
    }
  },
  "ARGUS_kde": {
    "model": "ARGUS",
    "config": "kde",
    "total_edges": 256680,
    "cutoff": 0.9999793767929077,
    "TP": 14,
    "FP": 85040,
    "TN": 171465,
    "FN": 161,
    "TPR": 0.08,
    "FPR": 0.3315334983723514,
    "Precision": 0.00016460131210760222,
    "Accuracy": 0.6680652953093346,
    "AUC": 0.23130381752513873,
    "AP": 0.0004251894140611216,
    "attacks_detected": 14,
    "tp_by_type": {
      "UNKNOWN": 2,
      "DoS GoldenEye": 3,
      "Web Attack \u00c2\u0096 Brute Force": 3,
      "DoS slowloris": 3,
      "FTP-Patator": 3,
      "DoS Slowhttptest": 3,
      "DoS Hulk": 3,
      "Web Attack \u00c2\u0096 Sql Injection": 3,
      "Web Attack \u00c2\u0096 XSS": 3,
      "DDoS": 3,
      "PortScan": 3,
      "SSH-Patator": 3,
      "Heartbleed": 2,
      "Bot": 7,
      "Infiltration": 1
    },
    "fn_by_type": {
      "DoS GoldenEye": 44,
      "Web Attack \u00c2\u0096 Brute Force": 44,
      "DoS slowloris": 44,
      "FTP-Patator": 44,
      "DoS Slowhttptest": 44,
      "DoS Hulk": 44,
      "Web Attack \u00c2\u0096 Sql Injection": 44,
      "Web Attack \u00c2\u0096 XSS": 44,
      "DDoS": 45,
      "PortScan": 44,
      "SSH-Patator": 44,
      "UNKNOWN": 4,
      "Heartbleed": 1,
      "Bot": 111,
      "Infiltration": 23
    }
  },
  "ARGUS_reduced": {
    "model": "ARGUS",
    "config": "reduced",
    "total_edges": 256680,
    "cutoff": 0.9999994039535522,
    "TP": 6,
    "FP": 39541,
    "TN": 216964,
    "FN": 169,
    "TPR": 0.03428571428571429,
    "FPR": 0.15415294048848951,
    "Precision": 0.00015171820871368245,
    "Accuracy": 0.8452937509739754,
    "AUC": 0.3633348723361004,
    "AP": 0.0005608178094593196,
    "attacks_detected": 6,
    "tp_by_type": {
      "DoS GoldenEye": 1,
      "Web Attack \u00c2\u0096 Brute Force": 1,
      "DoS slowloris": 1,
      "FTP-Patator": 1,
      "DoS Slowhttptest": 1,
      "DoS Hulk": 1,
      "Web Attack \u00c2\u0096 Sql Injection": 1,
      "Web Attack \u00c2\u0096 XSS": 1,
      "DDoS": 1,
      "PortScan": 1,
      "SSH-Patator": 1,
      "UNKNOWN": 1,
      "Bot": 4
    },
    "fn_by_type": {
      "DoS GoldenEye": 46,
      "Web Attack \u00c2\u0096 Brute Force": 46,
      "DoS slowloris": 46,
      "FTP-Patator": 46,
      "DoS Slowhttptest": 46,
      "DoS Hulk": 46,
      "Web Attack \u00c2\u0096 Sql Injection": 46,
      "Web Attack \u00c2\u0096 XSS": 46,
      "DDoS": 47,
      "PortScan": 46,
      "SSH-Patator": 46,
      "UNKNOWN": 5,
      "Heartbleed": 3,
      "Bot": 114,
      "Infiltration": 24
    }
  },
  "PIKACHU_kde": {
    "model": "PIKACHU",
    "config": "kde",
    "total_flows": 2300824,
    "cutoff": 0.9999462712050841,
    "TP": 546260,
    "FP": 143270,
    "TN": 1599908,
    "FN": 11386,
    "TPR": 0.9795820287422486,
    "FPR": 0.08218896750647381,
    "Precision": 0.7922207880730353,
    "Accuracy": 0.9327823423260536,
    "AUC": 0.9491879249405151,
    "AP": 0.7945095067686558,
    "attacks_detected": 546260,
    "tp_by_type": {
      "DDoS": 546260,
      "DoS GoldenEye": 389054,
      "Web Attack \u00c2\u0096 Brute Force": 389054,
      "DoS slowloris": 389054,
      "FTP-Patator": 389054,
      "DoS Slowhttptest": 389054,
      "DoS Hulk": 389054,
      "Web Attack \u00c2\u0096 Sql Injection": 389054,
      "Web Attack \u00c2\u0096 XSS": 389054,
      "PortScan": 389054,
      "SSH-Patator": 389054
    },
    "fn_by_type": {
      "DDoS": 9373,
      "Heartbleed": 11,
      "Bot": 2002,