{
  "dataset": "CLEARSCOPE_E3",
  "min_occurrences": 10,
  "rkhs_dim": 20,
  "n_quadrature_points": 10,
  "bandwidth": "scott",
  "num_edges": 18015,
  "timestamp": "2026-02-04T05:29:01.660620",
  "statistics": {
    "num_edges_with_vectors": 18015,
    "vector_norm_mean": 3.046737402732661e+18,
    "vector_norm_std": 440630037425878.8,
    "vector_norm_min": 3.0453651842069955e+18,
    "vector_norm_max": 3.0471804779044536e+18,
    "total_size_mb": 6.232569694519043
  }
}