{
  "dataset": "THEIA_E3",
  "min_occurrences": 10,
  "rkhs_dim": 20,
  "n_quadrature_points": 10,
  "bandwidth": "scott",
  "num_edges": 13929,
  "timestamp": "2026-02-28T12:18:38.133184",
  "statistics": {
    "num_edges_with_vectors": 13929,
    "vector_norm_mean": 3.0457114409737426e+18,
    "vector_norm_std": 227949853038360.28,
    "vector_norm_min": 3.045528186805813e+18,
    "vector_norm_max": 3.0466178028289393e+18,
    "total_size_mb": 4.747734069824219
  }
}